"","Term","Overlap","P.value","Adjusted.P.value","Old.P.value","Old.Adjusted.P.value","Odds.Ratio","Combined.Score","Genes"
"1","Homologous recombination","12/41",1.91667328462445e-05,0.00567335292248838,0,0,5.4105345070765,58.7710353474211,"MUS81;RAD51B;RAD52;BABAM2;RAD51D;RAD51C;XRCC2;BRCA1;BRCC3;NBN;BRCA2;PALB2"
"2","Ribosome biogenesis in eukaryotes","20/108",7.22790442650946e-05,0.00830014362716253,0,0,2.97904577691812,28.4051309242212,"UTP15;NOP56;NOP58;UTP6;UTP4;NVL;WDR3;RPP40;HEATR1;FCF1;NAT10;RPP25L;WDR43;RRP7A;GNL3L;EIF6;DKC1;RIOK2;RIOK1;UTP14A"
"3","Fanconi anemia pathway","13/54",8.41230773023229e-05,0.00830014362716253,0,0,4.14611769970911,38.9039744307529,"MUS81;RMI1;FANCL;BRCA1;BRCA2;MLH1;PALB2;FANCF;RAD51C;USP1;POLI;PMS2;FAAP100"
"4","Aminoacyl-tRNA biosynthesis","13/66",0.000696374146624058,0.0515316868501803,0,0,3.20529686688593,23.3013013481099,"PARS2;MARS2;MARS1;DARS2;QRSL1;DARS1;FARS2;GARS1;EPRS1;LARS1;IARS1;TARS1;FARSB"
"5","Herpes simplex virus 1 infection","52/498",0.00387404225764843,0.229343301652787,0,0,1.53346306794145,8.51602091147389,"ZNF132;CASP8;ZNF84;ZNF527;ZNF688;ZNF764;IKBKE;ZNF641;ZNF441;ZNF19;SYK;ZNF480;IRAK4;ZNF14;ZFP90;TRAF3;ZNF517;SRSF3;ZNF514;ZNF235;SRSF7;ZNF510;TP53;SRSF8;IFNAR1;ZNF473;ZNF324B;ZNF195;SRSF1;ZNF25;C5;ZNF627;ZNF107;ZNF624;ZNF425;ZNF544;ZNF786;ZNF621;ZNF268;ZNF783;EIF2B3;ZNF181;ZNF180;ZNF79;ZNF37A;BCL2;ZNF416;ZNF613;CYCS;ZNF777;ZNF611;ZNF354A"
"6","Glycine, serine and threonine metabolism","8/40",0.00657461956862571,0.324347898718868,0,0,3.25914205344585,16.3756849294339,"DMGDH;SRR;PSAT1;CHDH;PHGDH;SDSL;DLD;PSPH"
"7","RNA polymerase","6/31",0.0207475158196526,0.877323526088165,0,0,3.12556179775281,12.1125795228857,"POLR3B;POLR1A;POLR3C;POLR1B;POLR3F;POLR3H"
"8","Glycosylphosphatidylinositol (GPI)-anchor biosynthesis","5/26",0.0346260589211876,0.942591306763562,0,0,3.09924812030075,10.4232323871234,"PIGC;PIGQ;PIGK;PIGM;PIGV"
"9","Nicotinate and nicotinamide metabolism","6/35",0.0359305393846188,0.942591306763562,0,0,2.69386865555986,8.96025881823232,"NADK2;NMNAT1;NMRK1;SIRT5;NUDT12;SIRT3"
"10","Basal transcription factors","7/45",0.039228775552401,0.942591306763562,0,0,2.39900876576543,7.76881739688504,"GTF2A1;TAF6L;GTF2H3;MNAT1;GTF2E1;GTF2H5;TAF2"
"11","Spliceosome","17/150",0.0397141975010533,0.942591306763562,0,0,1.66780539459051,5.38041781518328,"NCBP1;FUS;SRSF1;DDX42;HNRNPU;CWC15;PLRG1;LSM5;MAGOHB;PRPF19;U2SURP;HNRNPM;TRA2B;SRSF3;SRSF7;SRSF10;SRSF8"
"12","Ubiquitin mediated proteolysis","16/140",0.0422004200486709,0.942591306763562,0,0,1.68325957019665,5.32806377447841,"ANAPC7;UBA6;FANCL;SIAH1;CUL1;UBE3B;BRCA1;UBE2J2;PRPF19;RHOBTB1;FBXO4;MDM2;UBA3;ERCC8;ANAPC5;BTRC"
"13","RNA transport","20/186",0.0441723343901114,0.942591306763562,0,0,1.57258822524139,4.9059352432584,"PRMT5;EIF2B3;SEH1L;NCBP1;FUS;RPP40;ELAC1;TRNT1;EIF2S2;MAGOHB;RPP25L;THOC6;DDX19B;EIF5;TGS1;NUP88;NUP54;PABPC1L;PAIP1;NUP37"
"14","Pyrimidine metabolism","8/56",0.0445820212658442,0.942591306763562,0,0,2.17088607594937,6.7523774801735,"NME6;ENTPD5;TK2;CTPS1;UPP1;UMPS;AK9;DHODH"
"15","Amphetamine addiction","9/69",0.0564442488589926,0.999995535158031,0,0,1.95390570021112,5.61650559656834,"PPP3CA;CREB3;PPP3CB;HDAC2;CREB3L4;FOSB;FOS;PRKACB;ATF4"
"16","Phosphonate and phosphinate metabolism","2/6",0.063168691397971,0.999995535158031,0,0,6.50070028011204,17.9545863202077,"PCYT1A;SELENOI"
"17","Cysteine and methionine metabolism","7/50",0.0636801882286004,0.999995535158031,0,0,2.11948225988331,5.83680358191544,"GCLC;MAT2A;PSAT1;PHGDH;BCAT1;SDSL;SRM"
"18","Cell cycle","13/124",0.105897193870099,0.999995535158031,0,0,1.52566327795686,3.42555119914604,"SMAD2;HDAC2;ANAPC7;TGFB3;CUL1;ORC5;STAG1;RBL1;CDC45;ORC2;MDM2;ANAPC5;TP53"
"19","Riboflavin metabolism","2/8",0.107259688660157,0.999995535158031,0,0,4.33333333333333,9.67417701508495,"FLAD1;ACP2"
"20","Proteasome","6/46",0.107851881258153,0.999995535158031,0,0,1.95189606741573,4.34686563830841,"PSMC5;PSMD14;PSMD4;PSMC3;PSME3;PSMC2"
"21","Selenocompound metabolism","3/17",0.117186605300793,0.999995535158031,0,0,2.78646511162278,5.97414691914741,"MARS2;MARS1;SEPHS2"
"22","Hepatitis B","16/162",0.117859629493853,0.999995535158031,0,0,1.42791265427913,3.05324985893128,"TGFB3;FOS;IRAK4;TIRAP;TGFBR2;CREB3;CASP8;CREB3L4;TRAF3;VDAC3;BCL2;CYCS;TP53;IKBKE;ATF4;IFNAR1"
"23","IL-17 signaling pathway","10/94",0.133901728740065,0.999995535158031,0,0,1.54979879275654,3.11610157215066,"USP25;CASP8;TRAF3;SRSF1;FOSB;ANAPC5;FOS;CXCL3;CXCL2;IKBKE"
"24","p53 signaling pathway","8/73",0.149275739035743,0.999995535158031,0,0,1.60164448772044,3.0462638871695,"CASP8;SIAH1;BCL2;MDM2;CYCS;MDM4;TP53;THBS1"
"25","Colorectal cancer","9/86",0.16050189419407,0.999995535158031,0,0,1.52112560205453,2.78282252482209,"SMAD2;TGFB3;BCL2;CYCS;FOS;MLH1;TP53;EGFR;TGFBR2"
"26","Bladder cancer","5/41",0.166473309583684,0.999995535158031,0,0,1.80643274853801,3.23878991872544,"MDM2;THBS1;TP53;EGFR;VEGFA"
"27","Ubiquinone and other terpenoid-quinone biosynthesis","2/11",0.18323187698461,0.999995535158031,0,0,2.88842203548086,4.90166039984493,"NQO1;COQ2"
"28","Porphyrin and chlorophyll metabolism","5/43",0.191118817367172,0.999995535158031,0,0,1.71117266851339,2.83175114042725,"EPRS1;UROS;HMBS;HCCS;FXN"
"29","Lipid and atherosclerosis","19/215",0.199167309200714,0.999995535158031,0,0,1.26233384920233,2.03691459529527,"NCF2;ROCK2;FOS;IRAK4;CXCL3;CXCL2;TIRAP;PPP3CA;PPP3CB;CASP8;CASP6;TRAF3;CYP1A1;BCL2;CYCS;TP53;IKBKE;ATF4;NFE2L2"
"30","RNA degradation","8/79",0.202248115057825,0.999995535158031,0,0,1.46581882292348,2.3427596548817,"EXOSC10;PNPT1;DIS3L;EXOSC8;PABPC1L;LSM5;EXOSC2;MPHOSPH6"
"31","Vasopressin-regulated water reabsorption","5/44",0.203899356901204,0.999995535158031,0,0,1.66720647773279,2.65107296142848,"DYNC2LI1;CREB3;DYNC1LI1;CREB3L4;PRKACB"
"32","Terpenoid backbone biosynthesis","3/22",0.205326058004692,0.999995535158031,0,0,2.05263157894737,3.24963607500271,"GGPS1;PMVK;ZMPSTE24"
"33","Glutathione metabolism","6/57",0.220911500007771,0.999995535158031,0,0,1.52999008592201,2.31027448829476,"GCLC;ODC1;CHAC2;CHAC1;OPLAH;SRM"
"34","Mannose type O-glycan biosynthesis","3/23",0.224482142149091,0.999995535158031,0,0,1.94989488437281,2.91306324546551,"FKRP;CHST10;POMK"
"35","Mismatch repair","3/23",0.224482142149091,0.999995535158031,0,0,1.94989488437281,2.91306324546551,"PMS2;MLH1;MLH3"
"36","TGF-beta signaling pathway","9/94",0.228856214126987,0.999995535158031,0,0,1.37736473899905,2.03114655721627,"SMAD2;RBL1;ZFYVE9;TGFB3;CUL1;BMPR1B;THBS1;INHBC;TGFBR2"
"37","Nucleotide excision repair","5/47",0.243790845942839,0.999995535158031,0,0,1.54786967418546,2.18473230867988,"ERCC8;XPC;GTF2H3;MNAT1;GTF2H5"
"38","mRNA surveillance pathway","9/98",0.26651293890047,0.999995535158031,0,0,1.31517605104808,1.73910001623355,"CPSF4;DDX19B;NCBP1;FUS;CSTF3;CPSF3;CPSF2;PABPC1L;MAGOHB"
"39","Alanine, aspartate and glutamate metabolism","4/37",0.270793183561052,0.999995535158031,0,0,1.57567257427005,2.05845850882008,"ADSL;GPT2;ADSS2;NIT2"
"40","Cocaine addiction","5/49",0.271437503124895,0.999995535158031,0,0,1.47735247208931,1.92650213038426,"CREB3;CREB3L4;FOSB;PRKACB;ATF4"
"41","Folate biosynthesis","3/26",0.283616876384428,0.999995535158031,0,0,1.69528655434021,2.13628310437584,"DHFR2;MOCOS;PCBD2"
"42","N-Glycan biosynthesis","5/50",0.28550470678119,0.999995535158031,0,0,1.44444444444444,1.810606436778,"ALG8;ALG9;ALG6;ALG5;DOLK"
"43","Cholinergic synapse","10/113",0.288507643630844,0.999995535158031,0,0,1.26261452208396,1.5694723997937,"CREB3;CREB3L4;KCNJ12;BCL2;KCNQ5;FOS;GNG12;PRKACB;GNG11;ATF4"
"44","Pancreatic cancer","7/76",0.300013340769626,0.999995535158031,0,0,1.31898316477741,1.5879612068914,"SMAD2;TGFB3;BRCA2;TP53;EGFR;TGFBR2;VEGFA"
"45","Relaxin signaling pathway","11/129",0.31685941080942,0.999995535158031,0,0,1.21219287872816,1.3931697631977,"SMAD2;CREB3;CREB3L4;FOS;GNG12;PRKACB;GNG11;EGFR;ATF4;TGFBR2;VEGFA"
"46","Cortisol synthesis and secretion","6/65",0.319934175362845,0.999995535158031,0,0,1.32196248333651,1.50656133288958,"CREB3;CREB3L4;PDE8A;PRKACB;KCNK2;ATF4"
"47","Cellular senescence","13/156",0.32425801317329,0.999995535158031,0,0,1.18220311798293,1.33141576306542,"SMAD2;TGFB3;TGFBR2;PPP3CA;IL1A;PPP3CB;RBL1;VDAC3;MDM2;TRPM7;NBN;BTRC;TP53"
"48","Ferroptosis","4/41",0.336706189942497,0.999995535158031,0,0,1.40502634471779,1.52943379661474,"GCLC;VDAC3;SLC7A11;TP53"
"49","Vitamin B6 metabolism","1/6",0.359282314954116,0.999995535158031,0,0,2.59832050384885,2.65976248709023,"PSAT1"
"50","Peroxisome","7/82",0.370725060597979,0.999995535158031,0,0,1.21307097680956,1.20372374047775,"GNPAT;PEX7;PEX3;PMVK;NUDT19;PEX10;NUDT12"
"51","Epstein-Barr virus infection","16/202",0.372534039905658,0.999995535158031,0,0,1.11840124104576,1.10433942906649,"HDAC2;SYK;PSMD14;IRAK4;PSMC5;CASP8;PSMD4;PSMC3;TRAF3;PSMC2;BCL2;MDM2;CYCS;TP53;IKBKE;IFNAR1"
"52","Circadian rhythm","3/31",0.383815381306221,0.999995535158031,0,0,1.39218139953949,1.33314402587776,"PRKAA2;CUL1;BTRC"
"53","Central carbon metabolism in cancer","6/70",0.38484681462332,0.999995535158031,0,0,1.21835498595506,1.16341924750887,"SLC7A5;SLC1A5;TP53;EGFR;FGFR2;SIRT3"
"54","Prostate cancer","8/97",0.391191603629157,0.999995535158031,0,0,1.16822326522227,1.09644506258436,"CREB3;CREB3L4;BCL2;MDM2;TP53;FGFR2;EGFR;ATF4"
"55","Kaposi sarcoma-associated herpesvirus infection","15/193",0.407323957307747,0.999995535158031,0,0,1.09532695438123,0.983764011559022,"SYK;FOS;GNG12;CXCL3;GNG11;CXCL2;VEGFA;PPP3CA;PPP3CB;CASP8;TRAF3;CYCS;TP53;IKBKE;IFNAR1"
"56","Wnt signaling pathway","13/166",0.408334866214305,0.999995535158031,0,0,1.10433531210649,0.989117458735493,"ROCK2;RYK;FZD6;SIAH1;CUL1;CBY1;PRICKLE1;PPP3CA;PPP3CB;RUVBL1;BTRC;PRKACB;TP53"
"57","Fluid shear stress and atherosclerosis","11/139",0.408855711210638,0.999995535158031,0,0,1.11688468992248,0.998933814418273,"IL1A;NQO1;PRKAA2;NCF2;BCL2;FOS;BMPR1B;TP53;KLF2;NFE2L2;VEGFA"
"58","Measles","11/139",0.408855711210638,0.999995535158031,0,0,1.11688468992248,0.998933814418273,"IL1A;CASP8;TRAF3;MX1;BCL2;CYCS;FOS;IRAK4;TP53;IKBKE;IFNAR1"
"59","Tuberculosis","14/180",0.411969295863611,0.999995535158031,0,0,1.09614730106868,0.972070504424634,"SYK;TGFB3;NFYC;CEBPG;RFXANK;IRAK4;TIRAP;PPP3CA;IL1A;PPP3CB;CASP8;RFXAP;BCL2;CYCS"
"60","mTOR signaling pathway","12/154",0.422010129352494,0.999995535158031,0,0,1.09823397365859,0.947474961457801,"SLC7A5;DEPTOR;SEH1L;PRKAA2;MIOS;IRS1;RRAGB;STRADB;FZD6;GRB10;SLC38A9;ATP6V1E2"
"61","Other types of O-glycan biosynthesis","4/47",0.435962323135519,0.999995535158031,0,0,1.20858475488437,1.00336640385204,"GALNT7;POGLUT1;POFUT1;EOGT"
"62","Purine metabolism","10/129",0.443128202439158,0.999995535158031,0,0,1.09190436738076,0.888696765997337,"ADSL;NME6;ENTPD5;ADSS2;PDE7A;PDE8A;PFAS;HDDC3;ITPA;AK9"
"63","Longevity regulating pathway","8/102",0.4465162984418,0.999995535158031,0,0,1.10578448095281,0.891571222025791,"CREB3;HDAC2;PRKAA2;IRS1;CREB3L4;PRKACB;TP53;ATF4"
"64","Sulfur relay system","1/8",0.447656945201968,0.999995535158031,0,0,1.85574327701689,1.49151299440523,"MOCS3"
"65","Pantothenate and CoA biosynthesis","2/21",0.448960242401206,0.999995535158031,0,0,1.36746277458352,1.09509282749844,"BCAT1;AASDHPPT"
"66","Amino sugar and nucleotide sugar metabolism","4/48",0.452183897470706,0.999995535158031,0,0,1.18105316843045,0.937362132637408,"AMDHD2;FPGT;GNPNAT1;NPL"
"67","Valine, leucine and isoleucine degradation","4/48",0.452183897470706,0.999995535158031,0,0,1.18105316843045,0.937362132637408,"OXCT1;ACADM;BCAT1;DLD"
"68","Chronic myeloid leukemia","6/76",0.462609615643722,0.999995535158031,0,0,1.11356340288925,0.858414561676009,"HDAC2;TGFB3;MDM2;TP53;RUNX1;TGFBR2"
"69","Cytosolic DNA-sensing pathway","5/63",0.472417247541471,0.999995535158031,0,0,1.11990320629159,0.839807222154999,"POLR3B;POLR3C;POLR3F;POLR3H;IKBKE"
"70","Tyrosine metabolism","3/36",0.480509398078187,0.999995535158031,0,0,1.18092629164809,0.865510907347528,"ALDH3A1;FAHD1;FAH"
"71","Arginine and proline metabolism","4/50",0.484141145918199,0.999995535158031,0,0,1.12958107201659,0.819374152335009,"ODC1;PYCR1;L3HYPDH;SRM"
"72","Viral carcinogenesis","15/203",0.48616494660384,0.999995535158031,0,0,1.03650101496128,0.74753211540396,"GTF2A1;HDAC2;SYK;GTF2H3;GTF2E1;CREB3;CASP8;RBL1;CREB3L4;TRAF3;VDAC3;MDM2;PRKACB;TP53;ATF4"
"73","Parathyroid hormone synthesis, secretion and action","8/106",0.490225538370349,0.999995535158031,0,0,1.06042079278969,0.755963072920023,"EGR1;CREB3;CREB3L4;BCL2;FOS;PRKACB;EGFR;ATF4"
"74","Ovarian steroidogenesis","4/51",0.499838004563292,0.999995535158031,0,0,1.10548775029095,0.766623943233603,"ACOT2;CYP1A1;CYP1B1;PRKACB"
"75","Rheumatoid arthritis","7/93",0.500833161247316,0.999995535158031,0,0,1.05728153753126,0.731091411000328,"IL1A;TGFB3;FOS;CXCL3;CXCL2;ATP6V1E2;VEGFA"
"76","Glucagon signaling pathway","8/107",0.501012693146927,0.999995535158031,0,0,1.04965264458935,0.725439969119234,"PPP3CA;CREB3;PPP3CB;PRKAA2;CREB3L4;PPP4R3B;PRKACB;ATF4"
"77","Gastric cancer","11/149",0.501405645253203,0.999995535158031,0,0,1.03538928210313,0.714770465484559,"SMAD2;TGFB3;FZD6;BCL2;FGF1;MLH1;TP53;FGFR2;EGFR;FGF21;TGFBR2"
"78","Primary immunodeficiency","3/38",0.517177197875961,0.999995535158031,0,0,1.11332465712284,0.734092568204161,"DCLRE1C;RFXAP;RFXANK"
"79","Vitamin digestion and absorption","2/24",0.520028171927373,0.999995535158031,0,0,1.1807995925643,0.772092136089858,"SLC5A6;MMACHC"
"80","Synthesis and degradation of ketone bodies","1/10",0.523849314267998,0.999995535158031,0,0,1.44320037322137,0.933102939219132,"OXCT1"
"81","Amyotrophic lateral sclerosis","26/364",0.531802296051615,0.999995535158031,0,0,0.99890422967346,0.630791521810908,"SEH1L;TOMM40;PSMD14;TUBAL3;PPP3CA;PPP3CB;PSMD4;NUP88;NDUFV3;NCBP1;FUS;SIGMAR1;PSMC5;PSMC3;VAPB;PSMC2;BCL2;SRSF3;CYCS;NUP54;TP53;ACTR10;SRSF7;DNAL4;ATF4;NUP37"
"82","NOD-like receptor signaling pathway","13/181",0.534776052393408,0.999995535158031,0,0,1.00491480996068,0.628983428384866,"NLRX1;BRCC3;IRAK4;CXCL3;ANTXR1;CXCL2;CASP8;TRAF3;VDAC3;BCL2;TRPM7;IKBKE;IFNAR1"
"83","TNF signaling pathway","8/112",0.553773415982885,0.999995535158031,0,0,0.998918100183923,0.590360269880706,"CREB3;CASP8;CREB3L4;TRAF3;FOS;CXCL3;CXCL2;ATF4"
"84","Cushing syndrome","11/155",0.555187954015605,0.999995535158031,0,0,0.991925064599483,0.5836968825202,"CREB3;FH;CREB3L4;FZD6;WDR5B;ASH2L;PDE8A;PRKACB;KCNK2;EGFR;ATF4"
"85","Osteoclast differentiation","9/127",0.560599625414997,0.999995535158031,0,0,0.990398263338065,0.573191319586392,"PPP3CA;IL1A;PPP3CB;SYK;NCF2;FOSB;FOS;IFNAR1;TGFBR2"
"86","RIG-I-like receptor signaling pathway","5/70",0.567239627804449,0.999995535158031,0,0,0.998920377867746,0.566361323466205,"CASP8;RNF125;NLRX1;TRAF3;IKBKE"
"87","Protein processing in endoplasmic reticulum","12/171",0.569752126469706,0.999995535158031,0,0,0.97990792239934,0.551251002394799,"UBXN2A;EDEM1;NGLY1;DNAJB12;CUL1;BCL2;UBE2J2;UBXN4;HSPBP1;MBTPS2;ATF4;NFE2L2"
"88","Hedgehog signaling pathway","4/56",0.574866063877241,0.999995535158031,0,0,0.998921134966016,0.553020918389474,"CUL1;BCL2;BTRC;PRKACB"
"89","Spinocerebellar ataxia","10/143",0.575924879756923,0.999995535158031,0,0,0.976225775706873,0.538659948904744,"NOP56;PSMC5;PSMD4;PSMD14;PSMC3;PSMC2;VDAC3;CYCS;OMA1;ATXN10"
"90","AGE-RAGE signaling pathway in diabetic complications","7/100",0.579043420212135,0.999995535158031,0,0,0.977330945526262,0.533991944095499,"SMAD2;EGR1;IL1A;TGFB3;BCL2;TGFBR2;VEGFA"
"91","Ribosome","11/158",0.581240163477975,0.999995535158031,0,0,0.971523493118178,0.527140141942396,"MRPS17;MRPL20;MRPL3;MRPS16;MRPL1;MRPS11;MRPS18A;MRPS10;MRPL15;MRPL12;MRPL24"
"92","Prion disease","19/273",0.583024524671479,0.999995535158031,0,0,0.971009559311819,0.523884929893717,"EGR1;PSMD14;TUBAL3;NCF2;PPP3CA;IL1A;CREB3;C5;PPP3CB;PSMC5;PSMD4;PSMC3;CREB3L4;PSMC2;VDAC3;CYCS;NDUFV3;PRKACB;ATF4"
"93","Fatty acid elongation","2/27",0.584693873632355,0.999995535158031,0,0,1.03893557422969,0.557562294080424,"ACOT2;THEM4"
"94","Tryptophan metabolism","3/42",0.58605246759024,0.999995535158031,0,0,0.99892189100318,0.533769875091196,"CYP1A1;CYP1B1;DLD"
"95","Legionellosis","4/57",0.589091509079983,0.999995535158031,0,0,0.980020640927254,0.518601191692793,"CASP8;CYCS;CXCL3;CXCL2"
"96","Melanoma","5/72",0.592692770004684,0.999995535158031,0,0,0.968997119664834,0.506862149656993,"MDM2;FGF1;TP53;EGFR;FGF21"
"97","Human T-cell leukemia virus 1 infection","15/219",0.606929280989287,0.999995535158031,0,0,0.954375389731865,0.476560670706031,"SMAD2;EGR1;ANAPC7;TGFB3;FOS;TGFBR2;PPP3CA;CREB3;PPP3CB;CREB3L4;VDAC3;ANAPC5;PRKACB;TP53;ATF4"
"98","Dopaminergic synapse","9/132",0.607759101083207,0.999995535158031,0,0,0.949880709222293,0.473018452284258,"PPP3CA;CREB3;PPP3CB;CREB3L4;FOS;GNG12;PRKACB;GNG11;ATF4"
"99","VEGF signaling pathway","4/59",0.616684773571159,0.999995535158031,0,0,0.944281524926686,0.456463127749212,"PPP3CA;PPP3CB;SH2D2A;VEGFA"
"100","GABAergic synapse","6/89",0.618868092257342,0.999995535158031,0,0,0.93848991471504,0.450346705261204,"SLC38A1;GABRA3;GNG12;PRKACB;GNG11;TRAK2"
"101","Non-homologous end-joining","1/13",0.61890329417167,0.999995535158031,0,0,1.08222533240028,0.519258475826412,"DCLRE1C"
"102","NF-kappa B signaling pathway","7/104",0.620961225824523,0.999995535158031,0,0,0.93682578551195,0.446384968259345,"SYK;TRAF3;BCL2;IRAK4;CXCL3;CXCL2;TIRAP"
"103","Toll-like receptor signaling pathway","7/104",0.620961225824523,0.999995535158031,0,0,0.93682578551195,0.446384968259345,"CASP8;TRAF3;FOS;IRAK4;IKBKE;TIRAP;IFNAR1"
"104","Endocytosis","17/252",0.63432154202117,0.999995535158031,0,0,0.938684856424387,0.42728867927502,"WASHC4;SMAD2;WASHC5;ZFYVE9;VPS4B;ARPC4;EGFR;ARFGAP2;TGFBR2;MVB12B;MDM2;CHMP3;STAMBP;RAB11FIP2;VPS36;FGFR2;WASHC3"
"105","Morphine addiction","6/91",0.640538844079714,0.999995535158031,0,0,0.916308658294779,0.408165580351107,"GABRA3;GNG12;PDE7A;PDE8A;PRKACB;GNG11"
"106","Pertussis","5/76",0.640995475161961,0.999995535158031,0,0,0.914208055349642,0.406578382395178,"IL1A;C5;FOS;IRAK4;TIRAP"
"107","Citrate cycle (TCA cycle)","2/30",0.642681430778178,0.999995535158031,0,0,0.927470988395358,0.410040599666398,"FH;DLD"
"108","Pentose phosphate pathway","2/30",0.642681430778178,0.999995535158031,0,0,0.927470988395358,0.410040599666398,"IDNK;DERA"
"109","Human cytomegalovirus infection","15/225",0.648824949993922,0.999995535158031,0,0,0.926804644119132,0.400928572409042,"ROCK2;GNG12;GNG11;EGFR;VEGFA;PPP3CA;CREB3;PPP3CB;CASP8;CREB3L4;MDM2;CYCS;PRKACB;TP53;ATF4"
"110","Apelin signaling pathway","9/137",0.652247449979077,0.999995535158031,0,0,0.912528589021816,0.389951995883721,"SMAD2;EGR1;PRKAA2;TFAM;CCN2;GNG12;PRKACB;GNG11;KLF2"
"111","Estrogen signaling pathway","9/137",0.652247449979077,0.999995535158031,0,0,0.912528589021816,0.389951995883721,"NCOA1;CREB3;CREB3L4;BCL2;FOS;PRKACB;EBAG9;EGFR;ATF4"
"112","Leishmaniasis","5/77",0.652497368371728,0.999995535158031,0,0,0.901461988304094,0.384877548881471,"IL1A;NCF2;TGFB3;FOS;IRAK4"
"113","Lysine degradation","4/63",0.668270426924928,0.999995535158031,0,0,0.880072265671429,0.354724001416264,"NSD1;SETD7;DLD;CAMKMT"
"114","Oxytocin signaling pathway","10/154",0.669640805102778,0.999995535158031,0,0,0.901115023474178,0.361359579754158,"CACNB1;PPP3CA;PPP3CB;PRKAA2;ROCK2;KCNJ12;FOS;PRKACB;PPP1R12C;EGFR"
"115","Apoptosis","9/142",0.693721247859086,0.999995535158031,0,0,0.8779848989116,0.321065959829827,"DFFA;CASP8;TUBAL3;CASP6;BCL2;CYCS;FOS;TP53;ATF4"
"116","Base excision repair","2/33",0.694079684121331,0.999995535158031,0,0,0.83758019336767,0.305857908242376,"SMUG1;OGG1"
"117","Fructose and mannose metabolism","2/33",0.694079684121331,0.999995535158031,0,0,0.83758019336767,0.305857908242376,"ENOSF1;FPGT"
"118","SNARE interactions in vesicular transport","2/33",0.694079684121331,0.999995535158031,0,0,0.83758019336767,0.305857908242376,"GOSR1;STX18"
"119","Aldosterone synthesis and secretion","6/98",0.710308801696142,0.999995535158031,0,0,0.846268930141671,0.289470917945767,"ATF1;CREB3;CREB3L4;ATP2B1;PRKACB;ATF4"
"120","Oocyte meiosis","8/129",0.711610885329721,0.999995535158031,0,0,0.857783822110635,0.291838665678536,"PPP3CA;PPP3CB;ANAPC7;CUL1;ANAPC5;BTRC;FBXO43;PRKACB"
"121","Long-term potentiation","4/67",0.714879069802842,0.999995535158031,0,0,0.824016563146998,0.276574471484019,"PPP3CA;PPP3CB;PRKACB;ATF4"
"122","Phenylalanine metabolism","1/17",0.716817585683438,0.999995535158031,0,0,0.811494051784465,0.270173866522824,"ALDH3A1"
"123","FoxO signaling pathway","8/131",0.727515445436855,0.999995535158031,0,0,0.843744639978045,0.268412086483995,"PRKAA2;IRS1;TGFB3;SETD7;MDM2;EGFR;KLF2;TGFBR2"
"124","Breast cancer","9/147",0.731961576417397,0.999995535158031,0,0,0.8459443747514,0.263957703362561,"NCOA1;FZD6;BRCA1;FOS;FGF1;BRCA2;TP53;EGFR;FGF21"
"125","Hippo signaling pathway","10/163",0.736508480300225,0.999995535158031,0,0,0.847694007180337,0.259254097270323,"SMAD2;TGFB3;RASSF6;FZD6;CCN2;FGF1;BTRC;BMPR1B;AJUBA;TGFBR2"
"126","Fatty acid biosynthesis","1/18",0.73708225457068,0.999995535158031,0,0,0.763717943440497,0.232976577314794,"OXSM"
"127","Other glycan degradation","1/18",0.73708225457068,0.999995535158031,0,0,0.763717943440497,0.232976577314794,"AGA"
"128","Mucin type O-glycan biosynthesis","2/36",0.73920780722941,0.999995535158031,0,0,0.763552479815456,0.230727384547068,"GALNT7;ST6GALNAC1"
"129","Chagas disease","6/102",0.745756952209858,0.999995535158031,0,0,0.810832162921348,0.23786210148174,"SMAD2;CASP8;TGFB3;FOS;IRAK4;TGFBR2"
"130","Epithelial cell signaling in Helicobacter pylori infection","4/70",0.746549145538781,0.999995535158031,0,0,0.786433762590845,0.229869736160331,"CXCL3;CXCL2;ATP6V1E2;EGFR"
"131","Glycosaminoglycan degradation","1/19",0.755897706119726,0.999995535158031,0,0,0.721250291579193,0.201841332477556,"HGSNAT"
"132","Pathogenic Escherichia coli infection","12/197",0.757854022939444,0.999995535158031,0,0,0.841001791636488,0.233179936009445,"CASP8;TUBAL3;ROCK2;NCL;LPAR1;MYO5A;CYCS;ARPC4;FOS;IRAK4;ABCF2;TIRAP"
"133","C-type lectin receptor signaling pathway","6/104",0.762263174544736,0.999995535158031,0,0,0.794198578307728,0.215595853891338,"PPP3CA;PPP3CB;CASP8;SYK;MDM2;IKBKE"
"134","Hepatocellular carcinoma","10/168",0.769479889261988,0.999995535158031,0,0,0.820645391335354,0.215042296545652,"SMAD2;NQO1;PBRM1;TGFB3;FZD6;ACTL6A;TP53;EGFR;NFE2L2;TGFBR2"
"135","Thyroid hormone signaling pathway","7/121",0.770415901950688,0.999995535158031,0,0,0.796390132041277,0.207718279032616,"NCOA1;MED1;HDAC2;MDM2;MED16;PRKACB;TP53"
"136","PD-L1 expression and PD-1 checkpoint pathway in cancer","5/89",0.771557535281112,0.999995535158031,0,0,0.77218045112782,0.200260393243183,"PPP3CA;PPP3CB;FOS;TIRAP;EGFR"
"137","Autophagy","8/137",0.771602233467857,0.999995535158031,0,0,0.804239034442155,0.208528005412031,"DEPTOR;PRKAA2;IRS1;RRAGB;ATG10;BCL2;SUPT20H;PRKACB"
"138","One carbon pool by folate","1/20",0.77336751284415,0.999995535158031,0,0,0.683252918861184,0.175596619395352,"DHFR2"
"139","Steroid biosynthesis","1/20",0.77336751284415,0.999995535158031,0,0,0.683252918861184,0.175596619395352,"CYP2R1"
"140","PI3K-Akt signaling pathway","22/354",0.783097138415028,0.999995535158031,0,0,0.858339608433735,0.209862773711021,"PRKAA2;SYK;IRS1;MAGI2;LPAR1;BRCA1;GNG12;FGF1;GNG11;THBS1;EGFR;VEGFA;CREB3;CREB3L4;BCL2;MDM2;THEM4;TP53;FGFR2;ATF4;IFNAR1;FGF21"
"141","Alcoholism","11/186",0.784096567454907,0.999995535158031,0,0,0.81483942414175,0.198187765398871,"CREB3;HDAC2;CREB3L4;PKIA;HAT1;FOSB;GNG12;PRKACB;GNG11;ATF4;SLC29A2"
"142","Th17 cell differentiation","6/107",0.785517070467863,0.999995535158031,0,0,0.770483368561575,0.186004770448019,"SMAD2;PPP3CA;PPP3CB;FOS;RUNX1;TGFBR2"
"143","MAPK signaling pathway","18/294",0.785786992615538,0.999995535158031,0,0,0.844962433797266,0.203694692593794,"TGFB3;FOS;IRAK4;GNG12;FGF1;DUSP6;EGFR;VEGFA;TGFBR2;CACNB1;PPP3CA;IL1A;PPP3CB;PRKACB;TP53;FGFR2;ATF4;FGF21"
"144","Drug metabolism","6/108",0.79287242314988,0.999995535158031,0,0,0.762888301387971,0.177060995658312,"ALDH3A1;NME6;TK2;UPP1;UMPS;ITPA"
"145","Thyroid hormone synthesis","4/75",0.793241345591965,0.999995535158031,0,0,0.730853564585268,0.169285973060441,"CREB3;CREB3L4;PRKACB;ATF4"
"146","Influenza A","10/172",0.793680913903331,0.999995535158031,0,0,0.800208659363589,0.184907231838089,"CPSF4;IL1A;NLRX1;CASP8;TRAF3;MX1;CYCS;IRAK4;IKBKE;IFNAR1"
"147","Endometrial cancer","3/58",0.793806096826193,0.999995535158031,0,0,0.707714849971332,0.163422723418183,"MLH1;TP53;EGFR"
"148","Hepatitis C","9/157",0.798409061633587,0.999995535158031,0,0,0.788358027274283,0.177486357180082,"CASP8;TRAF3;PSME3;MX1;CYCS;TP53;IKBKE;EGFR;IFNAR1"
"149","Arginine biosynthesis","1/22",0.804648023349635,0.999995535158031,0,0,0.618114565630311,0.134347408065748,"GPT2"
"150","Histidine metabolism","1/22",0.804648023349635,0.999995535158031,0,0,0.618114565630311,0.134347408065748,"ALDH3A1"
"151","Necroptosis","9/159",0.81010268004333,0.999995535158031,0,0,0.777762139338494,0.163792252972999,"IL1A;CASP8;FAF1;VPS4B;VDAC3;BCL2;CHMP3;TRPM7;IFNAR1"
"152","Mineral absorption","3/60",0.812413443128498,0.999995535158031,0,0,0.682808984619924,0.14185076839489,"TRPM7;ATP2B1;STEAP1"
"153","Antigen processing and presentation","4/78",0.817772874590514,0.999995535158031,0,0,0.701110647814715,0.141042877983192,"PSME3;NFYC;RFXAP;RFXANK"
"154","Protein export","1/23",0.818630959992864,0.999995535158031,0,0,0.589986640371525,0.11806924448303,"SEC11C"
"155","Glutamatergic synapse","6/114",0.832985721196402,0.999995535158031,0,0,0.720271535580524,0.131621540516102,"PPP3CA;SLC38A1;PPP3CB;GNG12;PRKACB;GNG11"
"156","B cell receptor signaling pathway","4/81",0.839857321424307,0.999995535158031,0,0,0.673685360922388,0.117573763394264,"PPP3CA;PPP3CB;SYK;FOS"
"157","ABC transporters","2/45",0.841809914928249,0.999995535158031,0,0,0.603446029574621,0.103914036572889,"ABCC3;ABCA13"
"158","Adrenergic signaling in cardiomyocytes","8/150",0.848861559321162,0.999995535158031,0,0,0.730096471939938,0.119633001322819,"CACNB1;CREB3;CREB3L4;CREM;BCL2;ATP2B1;PRKACB;ATF4"
"159","cGMP-PKG signaling pathway","9/167",0.851784190439304,0.999995535158031,0,0,0.73806109087022,0.118401296725845,"PPP3CA;CREB3;PPP3CB;IRS1;CREB3L4;ROCK2;VDAC3;ATP2B1;ATF4"
"160","Inflammatory bowel disease","3/65",0.852789086136932,0.999995535158031,0,0,0.627574202590592,0.0999368133871266,"SMAD2;IL1A;TGFB3"
"161","Maturity onset diabetes of the young","1/26",0.85485927086576,0.999995535158031,0,0,0.519104268719384,0.0814051107537593,"HNF4G"
"162","Parkinson disease","14/249",0.858188315269476,0.999995535158031,0,0,0.771396802500301,0.117971041282776,"PSMD14;TUBAL3;UBE2J2;PSMC5;PSMD4;PSMC3;PSMC2;VDAC3;CYCS;NDUFV3;PRKACB;TP53;ATF4;NFE2L2"
"163","Carbohydrate digestion and absorption","2/47",0.858953459593119,0.999995535158031,0,0,0.5765639589169,0.0876610946305707,"AMY2B;SLC2A5"
"164","Pyruvate metabolism","2/47",0.858953459593119,0.999995535158031,0,0,0.5765639589169,0.0876610946305707,"FH;DLD"
"165","Growth hormone synthesis, secretion and action","6/119",0.86143205603629,0.999995535158031,0,0,0.688214676344834,0.102653477032963,"CREB3;IRS1;CREB3L4;FOS;PRKACB;ATF4"
"166","Sphingolipid signaling pathway","6/119",0.86143205603629,0.999995535158031,0,0,0.688214676344834,0.102653477032963,"SMPD2;SGPL1;ROCK2;BCL2;TP53;NSMAF"
"167","Biosynthesis of unsaturated fatty acids","1/27",0.86525022093151,0.999995535158031,0,0,0.499111804920062,0.0722397162804641,"ACOT2"
"168","Collecting duct acid secretion","1/27",0.86525022093151,0.999995535158031,0,0,0.499111804920062,0.0722397162804641,"ATP6V1E2"
"169","Insulin secretion","4/86",0.871652642600276,0.999995535158031,0,0,0.63243594567783,0.0868741083720576,"CREB3;CREB3L4;PRKACB;ATF4"
"170","Non-alcoholic fatty liver disease","8/155",0.872379981774325,0.999995535158031,0,0,0.705071902178593,0.0962636015246402,"IL1A;CASP8;PRKAA2;IRS1;CYCS;NDUFV3;FOS;ATF4"
"171","Ether lipid metabolism","2/49",0.874380770051491,0.999995535158031,0,0,0.551969724059837,0.0740960484362871,"SELENOI;PAFAH2"
"172","Sphingolipid metabolism","2/49",0.874380770051491,0.999995535158031,0,0,0.551969724059837,0.0740960484362871,"SMPD2;SGPL1"
"173","Butanoate metabolism","1/28",0.874897731537598,0.999995535158031,0,0,0.480600264365135,0.0642313975936335,"OXCT1"
"174","Renal cell carcinoma","3/69",0.879412983337431,0.999995535158031,0,0,0.589411989552144,0.0757398287767633,"FH;TGFB3;VEGFA"
"175","Renin secretion","3/69",0.879412983337431,0.999995535158031,0,0,0.589411989552144,0.0757398287767633,"PPP3CA;PPP3CB;PRKACB"
"176","Cholesterol metabolism","2/50",0.881497062394356,0.999995535158031,0,0,0.540441176470588,0.0681677963958274,"VAPB;VDAC3"
"177","Malaria","2/50",0.881497062394356,0.999995535158031,0,0,0.540441176470588,0.0681677963958274,"TGFB3;THBS1"
"178","Vibrio cholerae infection","2/50",0.881497062394356,0.999995535158031,0,0,0.540441176470588,0.0681677963958274,"ATP6V1E2;PRKACB"
"179","Gap junction","4/88",0.882759447216826,0.999995535158031,0,0,0.617311160088159,0.0769802709920944,"TUBAL3;LPAR1;PRKACB;EGFR"
"180","Transcriptional misregulation in cancer","10/192",0.887224075598807,0.999995535158031,0,0,0.711499767837796,0.0851364305412917,"ATF1;HDAC2;FUS;MDM2;ETV1;TP53;DUSP6;RUNX1;ETV6;TGFBR2"
"181","Huntington disease","17/306",0.888761836949763,0.999995535158031,0,0,0.76104242121477,0.0897466728135301,"HDAC2;PSMD14;TUBAL3;CREB3;PSMC5;CASP8;PSMD4;PSMC3;CREB3L4;PSMC2;VDAC3;TFAM;CYCS;NDUFV3;TP53;ACTR10;DNAL4"
"182","Adherens junction","3/71",0.891047691279591,0.999995535158031,0,0,0.572014510078734,0.0659860651038039,"SSX2IP;EGFR;TGFBR2"
"183","Glyoxylate and dicarboxylate metabolism","1/30",0.892171260783217,0.999995535158031,0,0,0.447407157163196,0.0510478897709187,"DLD"
"184","beta-Alanine metabolism","1/30",0.892171260783217,0.999995535158031,0,0,0.447407157163196,0.0510478897709187,"ALDH3A1"
"185","Insulin resistance","5/108",0.892825305745849,0.999995535158031,0,0,0.629092147845342,0.0713166183461462,"CREB3;PRKAA2;IRS1;CREB3L4;TRIB3"
"186","Bile secretion","4/90",0.893020173990975,0.999995535158031,0,0,0.602889852898007,0.0682146398688327,"ABCC3;SLCO1A2;SLC4A2;PRKACB"
"187","Human immunodeficiency virus 1 infection","11/212",0.898896477381053,0.999995535158031,0,0,0.708434571329399,0.0755102020185394,"PPP3CA;PPP3CB;CASP8;CUL1;BCL2;CYCS;FOS;IRAK4;BTRC;GNG12;GNG11"
"188","Endocrine and other factor-regulated calcium reabsorption","2/53",0.900666681236669,0.999995535158031,0,0,0.508568133135607,0.0532064148475915,"ATP2B1;PRKACB"
"189","Glycosaminoglycan biosynthesis","2/53",0.900666681236669,0.999995535158031,0,0,0.508568133135607,0.0532064148475915,"B3GALT6;B4GALT7"
"190","Pathways in cancer","31/531",0.901721155580564,0.999995535158031,0,0,0.800814867762688,0.0828442555209674,"FH;HDAC2;ROCK2;CUL1;LPAR1;FGF1;BRCA2;EGFR;CASP8;PRKACB;FGF21;NCOA1;SMAD2;NQO1;TGFB3;FZD6;FOS;GNG12;MLH1;GNG11;RUNX1;VEGFA;TGFBR2;TRAF3;BCL2;MDM2;CYCS;TP53;FGFR2;IFNAR1;NFE2L2"
"191","Small cell lung cancer","4/92",0.902484270692118,0.999995535158031,0,0,0.589124059671044,0.0604464953416925,"TRAF3;BCL2;CYCS;TP53"
"192","Lysosome","6/128",0.902509983334825,0.999995535158031,0,0,0.637133910480752,0.0653543466176635,"HGSNAT;AP4E1;AP4S1;ACP2;AP3B1;AGA"
"193","GnRH signaling pathway","4/93",0.906932823305142,0.999995535158031,0,0,0.582473170808579,0.0568999962477711,"EGR1;PRKACB;EGFR;ATF4"
"194","Salivary secretion","4/93",0.906932823305142,0.999995535158031,0,0,0.582473170808579,0.0568999962477711,"AMY2B;SLC4A2;ATP2B1;PRKACB"
"195","Toxoplasmosis","5/112",0.909716676606263,0.999995535158031,0,0,0.605443515330382,0.0572883201039766,"CASP8;TGFB3;BCL2;CYCS;IRAK4"
"196","Salmonella infection","13/249",0.910507558555748,0.999995535158031,0,0,0.712719639247395,0.0668196601478742,"TUBAL3;ROCK2;VPS33A;ARPC4;FOS;IRAK4;TIRAP;DYNC2LI1;DYNC1LI1;CASP8;BCL2;CYCS;ACTR10"
"197","Glioma","3/75",0.911340581126931,0.999995535158031,0,0,0.540119131044149,0.0501439025778981,"MDM2;TP53;EGFR"
"198","Regulation of lipolysis in adipocytes","2/55",0.911794981295795,0.999995535158031,0,0,0.489324031499392,0.0451842375318205,"IRS1;PRKACB"
"199","Gastric acid secretion","3/76",0.915846366280586,0.999995535158031,0,0,0.532691440036094,0.046827120390665,"SLC4A2;PRKACB;KCNK2"
"200","Metabolism of xenobiotics by cytochrome P450","3/76",0.915846366280586,0.999995535158031,0,0,0.532691440036094,0.046827120390665,"ALDH3A1;CYP1A1;CYP1B1"
"201","Pentose and glucuronate interconversions","1/34",0.919896090945323,0.999995535158031,0,0,0.393091163560023,0.0328209737186995,"XYLB"
"202","Propanoate metabolism","1/34",0.919896090945323,0.999995535158031,0,0,0.393091163560023,0.0328209737186995,"DLD"
"203","Tight junction","8/169",0.922697939135132,0.999995535158031,0,0,0.643272095115794,0.0517534001055633,"PRKAA2;TUBAL3;ROCK2;ARPC4;PRKACB;RAPGEF6;TJAP1;RUNX1"
"204","Circadian entrainment","4/97",0.922975540473216,0.999995535158031,0,0,0.557299914038818,0.0446690063601557,"FOS;GNG12;PRKACB;GNG11"
"205","Synaptic vesicle cycle","3/78",0.924237262020164,0.999995535158031,0,0,0.518430273300631,0.0408452876615796,"RIMS1;SLC6A9;ATP6V1E2"
"206","Choline metabolism in cancer","4/98",0.926577132912185,0.999995535158031,0,0,0.551341350601295,0.0420441803299101,"PCYT1A;SLC44A2;FOS;EGFR"
"207","Glycerophospholipid metabolism","4/98",0.926577132912185,0.999995535158031,0,0,0.551341350601295,0.0420441803299101,"GNPAT;PCYT1A;GPAM;SELENOI"
"208","Proteoglycans in cancer","10/205",0.926865557776636,0.999995535158031,0,0,0.663596966413868,0.0503980350996752,"SMAD2;ROCK2;FZD6;MDM2;PRKACB;TP53;PPP1R12C;THBS1;EGFR;VEGFA"
"209","Chemical carcinogenesis","12/239",0.927206440533028,0.999995535158031,0,0,0.68383216418235,0.0516833790118191,"PAQR8;CREB3;CREB3L4;CYP1A1;BCL2;CYP1B1;FOS;PRKACB;IKBKE;EGFR;ATF4;VEGFA"
"210","DNA replication","1/36",0.930959547917126,0.999995535158031,0,0,0.370588823352994,0.0265117216334215,"RNASEH2B"
"211","Starch and sucrose metabolism","1/36",0.930959547917126,0.999995535158031,0,0,0.370588823352994,0.0265117216334215,"AMY2B"
"212","Neurotrophin signaling pathway","5/119",0.933714663061481,0.999995535158031,0,0,0.568051708217913,0.0389594783981089,"IRS1;BCL2;IRAK4;TP53;ATF4"
"213","Viral myocarditis","2/60",0.934707694452676,0.999995535158031,0,0,0.447020187385299,0.0301834399778149,"CASP8;CYCS"
"214","Aldosterone-regulated sodium reabsorption","1/37",0.935904699764814,0.999995535158031,0,0,0.360275250758106,0.0238652177616337,"IRS1"
"215","Thyroid cancer","1/37",0.935904699764814,0.999995535158031,0,0,0.360275250758106,0.0238652177616337,"TP53"
"216","Melanogenesis","4/101",0.936488508386428,0.999995535158031,0,0,0.534202802157285,0.0350533344207078,"CREB3;CREB3L4;FZD6;PRKACB"
"217","AMPK signaling pathway","5/120",0.936632114966586,0.999995535158031,0,0,0.563081617086194,0.0368619657251468,"CREB3;PRKAA2;IRS1;CREB3L4;STRADB"
"218","Arachidonic acid metabolism","2/61",0.938556359946171,0.999995535158031,0,0,0.439419835730903,0.027864653885215,"PTGES2;ALOX12B"
"219","Steroid hormone biosynthesis","2/61",0.938556359946171,0.999995535158031,0,0,0.439419835730903,0.027864653885215,"CYP1A1;CYP1B1"
"220","Amoebiasis","4/102",0.939512071090732,0.999995535158031,0,0,0.528723130205799,0.0329894744541167,"TGFB3;CXCL3;PRKACB;CXCL2"
"221","Human papillomavirus infection","17/331",0.944215635084973,0.999995535158031,0,0,0.699491978489098,0.040151337551323,"HDAC2;FZD6;MX1;THBS1;EGFR;VEGFA;CREB3;CASP8;RBL1;CREB3L4;TRAF3;MDM2;ATP6V1E2;PRKACB;TP53;IKBKE;IFNAR1"
"222","Various types of N-glycan biosynthesis","1/39",0.944758362701679,0.999995535158031,0,0,0.341276564399101,0.0193934110673624,"ALG9"
"223","Basal cell carcinoma","2/63",0.945616630377971,0.999995535158031,0,0,0.424966707994673,0.0237633076574555,"FZD6;TP53"
"224","Signaling pathways regulating pluripotency of stem cells","6/143",0.947851184892278,0.999995535158031,0,0,0.56691339293037,0.0303626154140806,"SMAD2;FZD6;SMARCAD1;BMPR1B;INHBC;FGFR2"
"225","Complement and coagulation cascades","3/85",0.9479141911896,0.999995535158031,0,0,0.473994564752936,0.0253545837773175,"F8;C5;TFPI"
"226","Thermogenesis","11/232",0.947951161436281,0.999995535158031,0,0,0.643621312567961,0.0344030366065131,"COX19;CREB3;NDUFAF8;PRKAA2;CREB3L4;NDUFAF4;ACTL6A;NDUFV3;PRKACB;COA7;FGF21"
"227","Nicotine addiction","1/40",0.9487157091128,0.999995535158031,0,0,0.332507939925715,0.0175052443119807,"GABRA3"
"228","Regulation of actin cytoskeleton","10/218",0.953908975838881,0.999995535158031,0,0,0.621682015167931,0.0293353249489206,"ROCK2;LPAR1;ARPC4;GNG12;FGF1;PPP1R12C;EGFR;FGFR2;FGF21;SSH1"
"229","Graft-versus-host disease","1/42",0.955800710200011,0.999995535158031,0,0,0.31625390431651,0.0142965264958884,"IL1A"
"230","Acute myeloid leukemia","2/67",0.957485415830239,0.999995535158031,0,0,0.398728722258134,0.0173226854269325,"DUSP6;RUNX1"
"231","Glycolysis / Gluconeogenesis","2/67",0.957485415830239,0.999995535158031,0,0,0.398728722258134,0.0173226854269325,"ALDH3A1;DLD"
"232","Retrograde endocannabinoid signaling","6/148",0.95808298558947,0.999995535158031,0,0,0.546803291660073,0.0234145986685363,"RIMS1;GABRA3;NDUFV3;GNG12;PRKACB;GNG11"
"233","Fatty acid degradation","1/43",0.958967456778522,0.999995535158031,0,0,0.308707387783665,0.0129342651091341,"ACADM"
"234","Type I diabetes mellitus","1/43",0.958967456778522,0.999995535158031,0,0,0.308707387783665,0.0129342651091341,"IL1A"
"235","Mitophagy","2/68",0.960039780079805,0.999995535158031,0,0,0.39266615737204,0.0160131449251014,"TP53;ATF4"
"236","Retinol metabolism","2/68",0.960039780079805,0.999995535158031,0,0,0.39266615737204,0.0160131449251014,"CYP1A1;PNPLA4"
"237","Hypertrophic cardiomyopathy","3/90",0.960390074092143,0.999995535158031,0,0,0.446632675253123,0.0180509944865635,"CACNB1;PRKAA2;TGFB3"
"238","Natural killer cell mediated cytotoxicity","5/131",0.961885594552563,0.999995535158031,0,0,0.513617376775272,0.0199590479779363,"PPP3CA;PPP3CB;SYK;ULBP1;IFNAR1"
"239","Adipocytokine signaling pathway","2/69",0.962446532838061,0.999995535158031,0,0,0.386784564572097,0.0148048617527463,"PRKAA2;IRS1"
"240","Th1 and Th2 cell differentiation","3/92",0.964545885852659,0.999995535158031,0,0,0.43654874294308,0.0157584810860807,"PPP3CA;PPP3CB;FOS"
"241","Glycosphingolipid biosynthesis","1/45",0.964636916214,0.999995535158031,0,0,0.294643425154272,0.0106081948733732,"FUT1"
"242","Phagosome","6/152",0.964917020028315,0.999995535158031,0,0,0.531706941665384,0.0189889409021642,"DYNC1LI1;TUBAL3;NCF2;STX18;ATP6V1E2;THBS1"
"243","Serotonergic synapse","4/113",0.965100278400733,0.999995535158031,0,0,0.475082671744921,0.0168764888809039,"ALOX12B;GNG12;PRKACB;GNG11"
"244","Type II diabetes mellitus","1/46",0.967170920412599,0.999995535158031,0,0,0.288080242593888,0.00961613171413783,"IRS1"
"245","Rap1 signaling pathway","9/210",0.968290537171333,0.999995535158031,0,0,0.578812482275463,0.018651129622735,"MAGI2;LPAR1;FGF1;RAPGEF6;THBS1;EGFR;FGFR2;VEGFA;FGF21"
"246","Shigellosis","11/246",0.968470634854595,0.999995535158031,0,0,0.604816097641432,0.0193765639792855,"RRAGB;ROCK2;UBE2V2;CUL1;BCL2;MDM2;CYCS;ARPC4;BTRC;TP53;EGFR"
"247","Non-small cell lung cancer","2/72",0.968859482641363,0.999995535158031,0,0,0.370148059223689,0.0117098893892324,"TP53;EGFR"
"248","Dilated cardiomyopathy","3/96",0.971655053797206,0.999995535158031,0,0,0.417682030879128,0.0120102047228863,"CACNB1;TGFB3;PRKACB"
"249","Progesterone-mediated oocyte maturation","3/100",0.97739875804036,0.999995535158031,0,0,0.400371336304987,0.00915271488720312,"ANAPC7;ANAPC5;PRKACB"
"250","Viral protein interaction with cytokine and cytokine receptor","3/100",0.97739875804036,0.999995535158031,0,0,0.400371336304987,0.00915271488720312,"IL20RA;CXCL3;CXCL2"
"251","Pancreatic secretion","3/102",0.979837117908612,0.999995535158031,0,0,0.392240555520163,0.0079895193779391,"AMY2B;SLC4A2;ATP2B1"
"252","Calcium signaling pathway","10/240",0.980092364534685,0.999995535158031,0,0,0.561543172075934,0.0112917696681903,"PPP3CA;PPP3CB;VDAC3;ATP2B1;FGF1;PRKACB;EGFR;FGFR2;VEGFA;FGF21"
"253","Diabetic cardiomyopathy","8/203",0.980234944434321,0.999995535158031,0,0,0.530130909877745,0.0105830016742645,"SMAD2;IRS1;NCF2;MPC1;TGFB3;VDAC3;NDUFV3;TGFBR2"
"254","T cell receptor signaling pathway","3/104",0.982023181464529,0.999995535158031,0,0,0.38443178585553,0.00697373273116163,"PPP3CA;PPP3CB;FOS"
"255","Alzheimer disease","17/369",0.983076349681982,0.999995535158031,0,0,0.622679823714856,0.0106282054513459,"PSMD14;TUBAL3;IRS1;FZD6;PPP3CA;IL1A;PPP3CB;PSMC5;CASP8;PSMD4;PSMC3;PSMC2;VDAC3;CYCS;NAE1;NDUFV3;ATF4"
"256","Neutrophil extracellular trap formation","7/189",0.984252076174357,0.999995535158031,0,0,0.496999837829072,0.00788899758810738,"C5;HDAC2;SYK;NCF2;HAT1;VDAC3;CLCN3"
"257","Pathways of neurodegeneration","23/475",0.984711422954544,0.999995535158031,0,0,0.655247781320955,0.0100951747727837,"TOMM40;PSMD14;TUBAL3;FUS;FZD6;SIGMAR1;UBE2J2;PPP3CA;IL1A;PSMC5;PPP3CB;CASP8;PSMD4;PSMC3;VAPB;PSMC2;BCL2;VDAC3;CYCS;NDUFV3;ACTR10;DNAL4;ATF4"
"258","ErbB signaling pathway","2/85",0.986355657116896,0.999995535158031,0,0,0.311953697141507,0.00428570798815531,"BTC;EGFR"
"259","HIF-1 signaling pathway","3/109",0.986540466355954,0.999995535158031,0,0,0.366199045364996,0.00496233917996196,"BCL2;EGFR;VEGFA"
"260","Coronavirus disease","9/232",0.987139996965534,0.999995535158031,0,0,0.521085069252689,0.00674461702397809,"C5;SYK;TRAF3;MX1;FOS;IRAK4;IKBKE;EGFR;IFNAR1"
"261","Taste transduction","2/86",0.987205286331824,0.999995535158031,0,0,0.308223289315726,0.0039690748161338,"GABRA3;PRKACB"
"262","Notch signaling pathway","1/59",0.987516360718795,0.999995535158031,0,0,0.223353683550107,0.00280581688828701,"HDAC2"
"263","ECM-receptor interaction","2/88",0.988752637592496,0.999995535158031,0,0,0.301022734675265,0.00340489593655144,"HMMR;THBS1"
"264","Glycerolipid metabolism","1/61",0.989242302114693,0.999995535158031,0,0,0.215885234429671,0.00233501043913482,"GPAM"
"265","Yersinia infection","4/137",0.990218491038139,0.999995535158031,0,0,0.388847293549442,0.00382223753729987,"ROCK2;ARPC4;FOS;IRAK4"
"266","Axon guidance","6/182",0.991480756878304,0.999995535158031,0,0,0.440356869254341,0.00376757857278468,"PPP3CA;PPP3CB;ROCK2;RYK;BMPR1B;SSH1"
"267","Fc epsilon RI signaling pathway","1/68",0.993609835239106,0.999995535158031,0,0,0.193256948288648,0.00123890637802938,"SYK"
"268","Fc gamma R-mediated phagocytosis","2/97",0.993732835991272,0.999995535158031,0,0,0.272372106737432,0.00171237214528445,"SYK;ARPC4"
"269","Phosphatidylinositol signaling system","2/97",0.993732835991272,0.999995535158031,0,0,0.272372106737432,0.00171237214528445,"PPIP5K2;MTMR6"
"270","Platelet activation","3/124",0.994457559337134,0.999995535158031,0,0,0.320541852235807,0.00178152576960378,"SYK;ROCK2;PRKACB"
"271","Prolactin signaling pathway","1/70",0.994493511340318,0.999995535158031,0,0,0.187635013843673,0.00103606524178859,"FOS"
"272","Ras signaling pathway","8/232",0.994589444150773,0.999995535158031,0,0,0.460769539883464,0.0024997880654428,"GNG12;FGF1;PRKACB;GNG11;EGFR;FGFR2;VEGFA;FGF21"
"273","MicroRNAs in cancer","12/310",0.994708133057058,0.999995535158031,0,0,0.51888944633239,0.00275318509472384,"HDAC2;IRS1;BCL2;MDM2;CYP1B1;MDM4;BRCA1;TP53;THBS1;EGFR;VEGFA;FOXP1"
"274","Chemokine signaling pathway","6/192",0.994828048063591,0.999995535158031,0,0,0.416455237404857,0.00215947564981389,"ROCK2;GNG12;CXCL3;PRKACB;GNG11;CXCL2"
"275","Inositol phosphate metabolism","1/73",0.995595305674567,0.999995535158031,0,0,0.179787730347562,0.000793659194724414,"MTMR6"
"276","PPAR signaling pathway","1/74",0.995911201103633,0.999995535158031,0,0,0.177315298561117,0.000726492852870102,"ACADM"
"277","Arrhythmogenic right ventricular cardiomyopathy","1/77",0.99672933280975,0.999995535158031,0,0,0.17028838716806,0.000557869441552045,"CACNB1"
"278","Bacterial invasion of epithelial cells","1/77",0.99672933280975,0.999995535158031,0,0,0.17028838716806,0.000557869441552045,"ARPC4"
"279","Focal adhesion","6/201",0.996731981693086,0.999995535158031,0,0,0.397039757994814,0.00129965800936684,"ROCK2;BCL2;PPP1R12C;THBS1;EGFR;VEGFA"
"280","Vascular smooth muscle contraction","3/133",0.996783610401985,0.999995535158031,0,0,0.298204948520295,0.000960689099251849,"ROCK2;PRKACB;PPP1R12C"
"281","Insulin signaling pathway","3/137",0.997480780568377,0.999995535158031,0,0,0.289240552667636,0.000729579792830613,"PRKAA2;IRS1;PRKACB"
"282","JAK-STAT signaling pathway","4/162",0.997601183352598,0.999995535158031,0,0,0.326876986170043,0.00078505994041381,"IL20RA;BCL2;EGFR;IFNAR1"
"283","Leukocyte transendothelial migration","2/114",0.997960047051166,0.999995535158031,0,0,0.230817326930772,0.000471337403396636,"NCF2;ROCK2"
"284","Cytokine-cytokine receptor interaction","10/295",0.998121727769532,0.999995535158031,0,0,0.451816160118606,0.000849431728802574,"IL1A;TNFSF15;TGFB3;IL20RA;BMPR1B;CXCL3;INHBC;CXCL2;IFNAR1;TGFBR2"
"285","Cardiac muscle contraction","1/87",0.998445820570933,0.999995535158031,0,0,0.150406040978404,0.000233939814245714,"CACNB1"
"286","cAMP signaling pathway","6/216",0.998507373412199,0.999995535158031,0,0,0.368378812199037,0.000550262780137593,"CREB3;CREB3L4;ROCK2;FOS;ATP2B1;PRKACB"
"287","Phospholipase D signaling pathway","3/148",0.998721992672301,0.999995535158031,0,0,0.267138680134355,0.000341623535942324,"SYK;LPAR1;EGFR"
"288","Staphylococcus aureus infection","1/95",0.999142555136786,0.999995535158031,0,0,0.137545970251478,0.000117988677272486,"C5"
"289","Inflammatory mediator regulation of TRP channels","1/98",0.999313806549899,0.999995535158031,0,0,0.133270328179897,9.14806165806465e-05,"PRKACB"
"290","Hematopoietic cell lineage","1/99",0.999362895113173,0.999995535158031,0,0,0.13190328615701,8.40630095206547e-05,"IL1A"
"291","Oxidative phosphorylation","2/133",0.999429387373148,0.999995535158031,0,0,0.197136870015182,0.000112520893223875,"NDUFV3;ATP6V1E2"
"292","Systemic lupus erythematosus","2/135",0.999501366378083,0.999995535158031,0,0,0.194151344748426,9.68345327157566e-05,"C5;SSB"
"293","Protein digestion and absorption","1/103",0.999526433952316,0.999995535158031,0,0,0.126703165520932,6.00165293420529e-05,"SLC1A5"
"294","Cell adhesion molecules","1/148",0.999980317022273,0.999995535158031,0,0,0.0877022607503463,1.72625863396048e-06,"NLGN1"
"295","Olfactory transduction","1/440",0.999995200958786,0.999995535158031,0,0,0.0289018078175636,1.38701299695016e-07,"PRKACB"
"296","Neuroactive ligand-receptor interaction","4/341",0.999995535158031,0.999995535158031,0,0,0.151763976344363,6.77603683684129e-07,"VIPR1;C5;GABRA3;LPAR1"
