"","ensembl_ids","baseMean","log2FoldChange","lfcSE","stat","pvalue","padj","SYMBOL"
"137","ENSG00000006606.9",46.8829838858482,-2.10489849335654,0.533073048254879,-3.94861173388403,7.86057248382719e-05,0.0148894769900445,"CCL26"
"279","ENSG00000011426.11",8907.92687609732,-0.835268754787231,0.243253475183861,-3.43373821959132,0.000595318834682479,0.0484943553929457,"ANLN"
"344","ENSG00000016402.14",60.8884382966084,1.49916374538109,0.344848787923817,4.34730756749036,1.37818894740363e-05,0.00449905383404552,"IL20RA"
"764","ENSG00000060642.12",489.230569298977,0.897813818143988,0.212952668749059,4.2160252013651,2.48645985896202e-05,0.0069363188392826,"PIGV"
"818","ENSG00000064195.7",275.768517535306,-1.25374910296171,0.2642541441532,-4.74448227474101,2.09040281582218e-06,0.00128292201612639,"DLX3"
"918","ENSG00000066468.24",411.707351188569,1.0232236982372,0.279878455094676,3.65595736153064,0.000256223943902181,0.0300094959640547,"FGFR2"
"935","ENSG00000067064.13",1882.10943872347,-2.08441532717511,0.465367147556285,-4.47907708595396,7.49664596095391e-06,0.0032763219288018,"IDI1"
"945","ENSG00000067221.14",174.941550506553,1.37474914814255,0.362943965368746,3.78777243684386,0.000152003971532238,0.0213963021579737,"STOML1"
"1044","ENSG00000070495.15",1929.5623727842,-1.11324935108363,0.30547477014029,-3.64432503074596,0.000268094444563957,0.0304694300958873,"JMJD6"
"1373","ENSG00000079841.20",11.5429546074472,3.62609618135242,1.02631098424912,3.53313589838014,0.000410661317838111,0.0388936827135194,"RIMS1"
"1411","ENSG00000081041.9",48.8992236580035,2.13989859986989,0.437368978823532,4.89266203932879,9.94811506274303e-07,0.000803336470566665,"CXCL2"
"1456","ENSG00000082482.14",65.1266755840043,1.60824009221105,0.462131093139274,3.48005169114723,0.000501317048989176,0.0437028834240962,"KCNK2"
"1551","ENSG00000085840.13",1041.80451861615,-1.08071104560801,0.315083544651013,-3.42991902926891,0.000603761390336265,0.0485000576540802,"ORC1"
"1885","ENSG00000095752.7",170.186984223167,-1.59389410885408,0.339828027066721,-4.69029621427059,2.72809817039415e-06,0.00149490036529848,"IL11"
"2046","ENSG00000100211.12",350.239110462587,0.859730330999377,0.234485201611922,3.66645880033935,0.000245932520230825,0.0294183237961675,"CBY1"
"2074","ENSG00000100292.18",233.465924043011,-1.41739437562331,0.378597408108394,-3.74380369560666,0.000181255283891418,0.024394735269702,"HMOX1"
"2279","ENSG00000101255.12",8102.77426952292,1.86483266257271,0.489920801956029,3.80639616674222,0.000141006451469165,0.0202235728959316,"TRIB3"
"2356","ENSG00000101751.11",223.307715393932,1.01130096989266,0.272587967720212,3.70999856798769,0.000207260419682786,0.0267226606654872,"POLI"
"2576","ENSG00000103351.13",632.084816511764,0.994099118383783,0.259063773143797,3.83727568822213,0.000124406782735574,0.0191076869968502,"CLUAP1"
"2693","ENSG00000104549.12",4887.45403560369,-1.88294975002383,0.467557312514654,-4.02720629027658,5.64435080140425e-05,0.0115468365794594,"SQLE"
"2740","ENSG00000104888.10",40.6953126993681,-2.84458041295705,0.832350796256396,-3.41752591065079,0.000631930786123929,0.04972161052051,"SLC17A7"
"2857","ENSG00000105550.10",200.431859331618,2.7915928103446,0.545650188788999,5.11608511772017,3.11942333648889e-07,0.000284602017832031,"FGF21"
"2944","ENSG00000105967.16",22.9349346216436,-3.49857875197841,0.946428599856962,-3.69661140048723,0.000218496404553202,0.0274786093037686,"TFEC"
"3014","ENSG00000106366.9",4902.73245019,-1.10962813460458,0.310385485661439,-3.57500007527714,0.000350227795352471,0.0355863911529335,"SERPINE1"
"3463","ENSG00000110455.14",228.435710089844,1.22495949669047,0.352661265251244,3.47347332238992,0.000513768435215032,0.0442851073118215,"ACCS"
"3475","ENSG00000110693.19",147.137964429468,2.17278064247715,0.496035614191555,4.38029161679929,1.18520587420834e-05,0.00420146740483757,"SOX6"
"3769","ENSG00000112972.15",2178.40308279266,-2.11531080445527,0.380370800923225,-5.56118082492411,2.67955378250228e-08,4.11123936849324e-05,"HMGCS1"
"3785","ENSG00000113161.17",2923.44503927485,-1.76582467432896,0.400404807376833,-4.41009858472325,1.03323569751744e-05,0.00404901515866485,"HMGCR"
"3810","ENSG00000113369.9",494.412647421479,0.98651520454619,0.28652799993589,3.44299755963439,0.000575304505202217,0.0477129568827979,"ARRDC3"
"3831","ENSG00000113578.18",31.8651137966645,2.07768942320674,0.583137823903583,3.56294745091045,0.000366714108565432,0.0362148658418613,"FGF1"
"3839","ENSG00000113615.13",1187.25277670482,-1.00409179231973,0.251902669930863,-3.98603076575295,6.71878038188385e-05,0.0133878243375641,"SEC24A"
"3976","ENSG00000115008.6",1268.55916394051,1.13881114783797,0.331881864610752,3.43137504417008,0.000600529722000892,0.0484943553929457,"IL1A"
"4096","ENSG00000115738.10",312.218682136211,-1.63314609392032,0.42762456340121,-3.81911198208708,0.000133932955542752,0.0199508090960431,"ID2"
"4369","ENSG00000118096.10",119.811198003775,1.14826432744861,0.330104181219433,3.47849070922647,0.000504245917197093,0.0437098593647175,"IFT46"
"4408","ENSG00000118515.12",236.297607374162,-1.86048035565247,0.469351590347731,-3.96393747014702,7.37235710364098e-05,0.0145018044924569,"SGK1"
"4446","ENSG00000118985.16",1724.547224805,-0.788820425638749,0.223539604081846,-3.52877258094245,0.000417491741834734,0.0390583889937215,"ELL2"
"4519","ENSG00000119699.8",84.4365809555057,1.2024208810153,0.33741189598627,3.56365882566344,0.000365721239383607,0.0362148658418613,"TGFB3"
"4663","ENSG00000120860.11",588.597391092903,0.926280957137804,0.241406403230513,3.83701900505647,0.000124536837625303,0.0191076869968502,"WASHC3"
"4728","ENSG00000121690.11",341.097730285985,-0.973179560570696,0.262649527197182,-3.70524010058502,0.00021119058319123,0.0267890988543739,"DEPDC7"
"5274","ENSG00000126391.14",1080.85662021045,-0.99576659085087,0.239780930392621,-4.15281811285153,3.28405761847328e-05,0.00816533593624933,"FRMD8"
"5284","ENSG00000126500.4",34.4460201665514,2.9894827400002,0.686188727618932,4.35664798862796,1.3206940975997e-05,0.00440508903032004,"FLRT1"
"5338","ENSG00000127129.10",67.2217372552307,-1.99273411905538,0.505398178900768,-3.94289928663681,8.05024674185173e-05,0.0150627970439306,"EDN2"
"5424","ENSG00000128165.9",440.656281166437,1.58465729348371,0.376552166805845,4.20833401896418,2.57260395021006e-05,0.00704847543001302,"ADM2"
"5594","ENSG00000129749.3",55.9995536217393,-2.604136268063,0.67335045727816,-3.8674307560279,0.000109988045307482,0.0177636482016073,"CHRNA10"
"5752","ENSG00000130829.18",1198.79077016433,-1.08393027542578,0.292547130961542,-3.70514751542127,0.000211267741731033,0.0267890988543739,"DUSP9"
"6022","ENSG00000132837.15",36.6195463167002,3.47955297259187,0.76050525309336,4.57531747274429,4.75498374679524e-06,0.00243185718756931,"DMGDH"
"6061","ENSG00000133083.15",250.709767184147,2.18410275876538,0.593909284986336,3.6775022953474,0.000235528957092972,0.0289097663094197,"DCLK1"
"6062","ENSG00000133101.10",196.150891457351,-2.51611068531172,0.40185525658025,-6.26123621406272,3.81937462095604e-10,1.17201329618657e-06,"CCNA1"
"6284","ENSG00000134864.11",151.27606773462,2.06278282287378,0.417497746572022,4.94082384829815,7.77931664578487e-07,0.000663100307201541,"GGACT"
"6457","ENSG00000135838.14",40.1710836129847,1.67891116687966,0.431706896813431,3.88900705379563,0.000100655192786558,0.0172532515821508,"NPL"
"6600","ENSG00000136689.20",33.5271739826475,-2.86821116800604,0.781417016803097,-3.67052560454897,0.000242052220208028,0.0294183237961675,"IL1RN"
"6732","ENSG00000137440.5",329.368570194439,-2.00659238577822,0.564901015780198,-3.55211325475643,0.000382150337421993,0.0371097001713015,"FGFBP1"
"6847","ENSG00000138036.18",289.235892727837,0.935278803942587,0.255329975645418,3.66301998650338,0.000249259081894139,0.0294183237961675,"DYNC2LI1"
"6898","ENSG00000138356.14",15.8189466282299,-5.04172202748304,1.44334456857779,-3.4930827587836,0.000477478507154273,0.0425927484608605,"AOX1"
"6904","ENSG00000138380.18",119.324523444266,1.4954254254579,0.393114950610922,3.80404109061212,0.000142354550789325,0.0202235728959316,"CARF"
"6923","ENSG00000138463.9",879.836043248427,1.10336430392969,0.253054462983517,4.36018511952328,1.29952458670585e-05,0.00440508903032004,"SLC49A4"
"7021","ENSG00000139174.12",104.10419565339,1.68118052646377,0.433016507841953,3.88248599306838,0.000103393973801008,0.0174326784618556,"PRICKLE1"
"7039","ENSG00000139269.3",2133.8229157506,2.30256687758431,0.587876918109732,3.91674992953971,8.9750762981365e-05,0.0160121622839893,"INHBE"
"7144","ENSG00000140044.13",1274.55941782144,1.12915124358131,0.234591956136234,4.81325643972882,1.48490546432401e-06,0.00094928768913014,"JDP2"
"7194","ENSG00000140465.15",2453.40559927223,2.80044568103864,0.673044512797537,4.16086251026471,3.1704792358685e-05,0.00816533593624933,"CYP1A1"
"7455","ENSG00000142669.15",2855.74186526336,-0.79598362812668,0.231746758857491,-3.43471309825807,0.000593181479528152,0.0484943553929457,"SH3BGRL3"
"7541","ENSG00000143333.7",67.7841036385849,2.50600869485217,0.411590155697575,6.08860212073079,1.139007919155e-09,2.49654264337074e-06,"RGS16"
"7590","ENSG00000143507.18",390.526683269027,-1.68269808308995,0.305786985041515,-5.50284402346785,3.73713029564254e-08,5.21261728418577e-05,"DUSP10"
"7605","ENSG00000143578.16",154.525838013588,0.944514632497217,0.272930732977965,3.46063861035933,0.000538895722716971,0.045624213044281,"CREB3L4"
"7855","ENSG00000145476.16",311.776111345969,1.77689200736327,0.286375081090207,6.20477173013372,5.47763515688794e-10,1.40072260353553e-06,"CYP4V2"
"8106","ENSG00000147642.17",1273.79074311911,1.68372372804049,0.410977565706876,4.096875032934,4.18764815762386e-05,0.00958971428095864,"SYBU"
"8135","ENSG00000148057.16",54.7890580522531,1.47842498178815,0.383305385865337,3.85704202525229,0.000114767436528826,0.0183424664443935,"IDNK"
"8151","ENSG00000148225.16",198.096194779778,1.88269736235278,0.420835779388367,4.47371030355131,7.68738769711691e-06,0.0032763219288018,"WDR31"
"8163","ENSG00000148344.11",1912.03043200971,-1.22654871951655,0.298558415250175,-4.10823697094177,3.98690919170767e-05,0.00926835571641982,"PTGES"
"8244","ENSG00000149150.9",351.25129035126,2.20361693171003,0.641977436032408,3.4325457687874,0.000597942948583723,0.0484943553929457,"SLC43A1"
"8277","ENSG00000149474.15",356.193242032275,1.02953007913509,0.238248928890185,4.32123696811928,1.55156932773691e-05,0.00495952670738905,"KAT14"
"8495","ENSG00000151773.13",92.6465962455444,1.62554335829925,0.395267008187548,4.11251970093077,3.91364061065808e-05,0.00923799813681953,"CCDC122"
"8500","ENSG00000151876.13",103.474593379251,1.39245851276279,0.318152376965833,4.37670315728091,1.2048788751408e-05,0.00420146740483757,"FBXO4"
"8662","ENSG00000153363.15",116.454588251989,1.42975881864562,0.320911367136064,4.45530749317274,8.37730371176787e-06,0.00347386407701769,"LINC00467"
"8664","ENSG00000153395.10",290.829825514878,-0.865171402816613,0.2528591196956,-3.42155506931344,0.000622641142751604,0.0494983577887972,"LPCAT1"
"8693","ENSG00000153879.9",2368.11236973921,1.20588993122974,0.330227920134272,3.65168981090218,0.000260520440465832,0.0300538730681749,"CEBPG"
"8825","ENSG00000155085.16",53.926690414003,1.23491379691757,0.348610153362192,3.54239193840848,0.000396515845769916,0.0377872212524709,"AK9"
"8873","ENSG00000155729.13",452.240599757291,1.28716005915571,0.292846319254774,4.39534313571443,1.10597907224527e-05,0.00413878948913639,"KCTD18"
"9133","ENSG00000158246.8",291.483349118776,-1.19456414324861,0.331488862989929,-3.60363281129267,0.00031380028686551,0.0336288408993311,"TENT5B"
"9242","ENSG00000159251.8",42.5584829384408,-3.66187179068773,0.628494204501826,-5.82642093508293,5.66286765230827e-09,9.65393093215175e-06,"ACTC1"
"9292","ENSG00000159753.15",163.936735032851,-1.17438600915549,0.315385953250553,-3.7236471600957,0.000196365314067552,0.025750709519132,"CARMIL2"
"9435","ENSG00000160867.15",1079.40351342947,-1.18043057745449,0.329517897031856,-3.58229579663884,0.000340587828713158,0.0350714030600402,"FGFR4"
"9543","ENSG00000162004.19",60.8169924835644,-1.31348554044222,0.364003116603329,-3.60844586359293,0.000308036774252082,0.0332831565306316,"CCDC78"
"9788","ENSG00000163219.12",44.7354514440213,1.71032192851413,0.418543835738437,4.08636272350447,4.38188552749349e-05,0.00988695141887245,"ARHGAP25"
"9796","ENSG00000163283.7",1687.29977987139,-2.08975805866066,0.242718046636384,-8.60981738943921,7.31770493679272e-18,5.61377734226054e-14,"ALPP"
"9891","ENSG00000163617.11",97.6241886402596,1.50954552683645,0.354462477281664,4.2586892085532,2.0562912762603e-05,0.00606724558685803,"CCDC191"
"9911","ENSG00000163661.4",14.0981692401578,2.51156319030831,0.674095080350616,3.72582928361082,0.000194674132288617,0.0257490104457263,"PTX3"
"9930","ENSG00000163734.4",25.5584672652214,1.72115946384525,0.48860225706267,3.52261873326649,0.000427305590859391,0.039734240488216,"CXCL3"
"10146","ENSG00000164418.22",81.1544632777409,-1.7282466146837,0.489728032628827,-3.52899262353145,0.000417144757770942,0.0390583889937215,"GRIK2"
"10187","ENSG00000164647.9",31.979265630995,1.65170630136186,0.466024801662366,3.5442454896607,0.000393738445818809,0.0377570560887374,"STEAP1"
"10551","ENSG00000166396.13",36.525067833959,-3.27203643893899,0.774237874748476,-4.22613843323277,2.37735771128653e-05,0.00675477766004987,"SERPINB7"
"10591","ENSG00000166548.17",212.750109280626,0.975900553777845,0.254123391789458,3.8402625862415,0.000122902779788267,0.0191076869968502,"TK2"
"10832","ENSG00000167740.10",320.766630117428,0.945960605786656,0.262980380623609,3.59707672315131,0.000321813583413923,0.0340523159332401,"CYB5D2"
"11117","ENSG00000169131.13",199.646737822551,1.12460245522323,0.298147894583023,3.77196175339778,0.000161969087283305,0.0221883188052478,"ZNF354A"
"11147","ENSG00000169252.6",448.582559003322,-1.29253120745354,0.308361482823407,-4.19161042948335,2.7698131186204e-05,0.00737436152213037,"ADRB2"
"11171","ENSG00000169435.14",442.18764153672,1.13708371139931,0.301278882464447,3.77418988711729,0.000160528457410512,0.0221883188052478,"RASSF6"
"11190","ENSG00000169583.13",588.842788071443,-2.12936753962064,0.41637667329271,-5.11404138656854,3.15338219588381e-07,0.000284602017832031,"CLIC3"
"11200","ENSG00000169621.11",100.863246899164,1.46520248069391,0.345111457475623,4.24559210931851,2.18016923408256e-05,0.00631138425632616,"APLF"
"11270","ENSG00000169994.20",25.2109534236621,-3.19004176929263,0.679065079019372,-4.69769668306214,2.63111773891323e-06,0.00149490036529848,"MYO7B"
"11336","ENSG00000170385.10",1316.1694532236,-0.950867392301273,0.248075833027742,-3.83297067149197,0.0001266050526176,0.0192326863595232,"SLC30A1"
"11496","ENSG00000171246.7",112.963218483015,-3.03624523789955,0.689200598150504,-4.40545937720808,1.05559933746069e-05,0.00404901515866485,"NPTX1"
"11587","ENSG00000171791.14",143.636058279115,1.35719475612324,0.332797924865179,4.07813467188252,4.53984686926906e-05,0.00995069578788502,"BCL2"
"11652","ENSG00000172086.9",177.104522470684,2.9879036916341,0.456631220245231,6.543362694363,6.01507109409131e-11,3.0763078598881e-07,"KRCC1"
"12105","ENSG00000174951.12",380.030606972642,1.68304140345845,0.28737098978006,5.8566851328541,4.72197155264315e-09,9.05615119152549e-06,"FUT1"
"12141","ENSG00000175189.4",15.4671414051491,2.831959630537,0.827291672737045,3.42316951066076,0.00061895466210132,0.049461569690732,"INHBC"
"12207","ENSG00000175591.12",499.378472535853,-1.00880314239399,0.260733283433508,-3.86909998259294,0.000109237843139758,0.0177636482016073,"P2RY2"
"12281","ENSG00000176092.17",1401.80027487847,-1.25919571987463,0.245854338122256,-5.12171446512556,3.02770121749829e-07,0.000284602017832031,"CRYBG2"
"12296","ENSG00000176170.14",918.296427793538,-1.08901511728894,0.303957854366155,-3.58278327618765,0.000339952642873522,0.0350714030600402,"SPHK1"
"12302","ENSG00000176209.12",257.489424898321,1.20565701607682,0.287735857746617,4.19015212604655,2.78767495459533e-05,0.00737436152213037,"SMIM19"
"12435","ENSG00000177173.5",11.1707948784194,-2.79855305151291,0.812458220545665,-3.44455010822998,0.000572010600359714,0.0476976013115168,NA
"12621","ENSG00000178462.12",12.7069276995341,3.77829549309203,0.987899705876673,3.82457396294002,0.000130998416152505,0.0197049872453714,"TUBAL3"
"12685","ENSG00000178919.9",58.6276340586122,1.60627094768238,0.463304358709198,3.46698863821955,0.000526324136659912,0.045113917479179,"FOXE1"
"12713","ENSG00000179046.9",534.788662668632,-0.803521985238838,0.230813506089306,-3.48126068899946,0.000499059515949607,0.0437028834240962,"TRIML2"
"12765","ENSG00000179348.13",1918.93394454666,-1.08250651936101,0.245220212789876,-4.41442614801327,1.01278282042795e-05,0.00404901515866485,"GATA2"
"12784","ENSG00000179477.11",51.6433382389134,1.70878268295059,0.478432041206905,3.57163094394758,0.000354765097397545,0.0358102690090166,"ALOX12B"
"13050","ENSG00000181585.7",60.149476032244,2.02406110869819,0.568021239808832,3.56335461923816,0.000366145513773732,0.0362148658418613,"TMIE"
"13057","ENSG00000181634.8",121.068179514466,2.12144052846124,0.51511578031827,4.11837611954051,3.81551588363254e-05,0.0091471031566522,"TNFSF15"
"13198","ENSG00000182648.15",105.204975575349,1.265232946449,0.322222184637465,3.92658546422719,8.61602864254962e-05,0.0156122311153474,"RNF32-DT"
"13536","ENSG00000184619.8",69.0712610321792,1.19831358137974,0.331754024299174,3.61205439455078,0.000303780823370987,0.0332831565306316,"KRBA2"
"13590","ENSG00000185010.15",128.495325335603,1.06684075925215,0.275614860921586,3.87076645898158,0.000108493694569324,0.0177636482016073,"F8"
"13639","ENSG00000185250.16",46.4232636478746,1.40946117388629,0.412137618856864,3.4198799366961,0.000626487795663045,0.0495474342724644,"PPIL6"
"13807","ENSG00000186104.11",165.547809927707,1.36189330896697,0.310638789678364,4.38417014944295,1.1642874844805e-05,0.00420146740483757,"CYP2R1"
"13875","ENSG00000186480.13",5542.7754865935,-2.78373619532623,0.61160815126535,-4.55150277112395,5.32640961301385e-06,0.00255384695913973,"INSIG1"
"13916","ENSG00000186732.14",14.2822809226348,-3.60589284198842,1.01577697127723,-3.54988638643226,0.000385397438822903,0.0371896409047786,"MPPED1"
"13998","ENSG00000187391.22",28.7272182364822,2.23503724390933,0.551573394453538,4.05211213300754,5.0757326350543e-05,0.0108028555547855,"MAGI2"
"14267","ENSG00000188910.8",1564.17072246883,-1.04871519256747,0.233035706293151,-4.50023393088192,6.78787200293987e-06,0.00306312706297372,"GJB3"
"14589","ENSG00000197019.5",118.383342045518,-1.51830557135123,0.424180161751271,-3.57938844919751,0.000344399219158298,0.0352274481303051,"SERTAD1"
"14648","ENSG00000197256.11",1830.09595831533,-0.778949187869386,0.214048342597144,-3.6391273971947,0.000273563447143521,0.0308623821288459,"KANK2"
"14653","ENSG00000197279.5",380.233944191335,-2.09947646914309,0.454011376156435,-4.62428163566477,3.7589884387741e-06,0.00198876412469348,"ZNF165"
"14890","ENSG00000198353.8",169.866311003492,1.40453006595248,0.35497865536857,3.95666061807062,7.60047911248413e-05,0.0145767688778555,"HOXC4"
"14936","ENSG00000198551.10",200.044980658686,0.847684765112853,0.246880168642795,3.43358792151244,0.00059564899006846,0.0484943553929457,"ZNF627"
"15043","ENSG00000198829.6",28.2158407196611,-3.28418592708969,0.905376406784026,-3.62742601031034,0.000286260769078922,0.0318268042027384,"SUCNR1"
"15065","ENSG00000198862.14",126.009752923602,-0.984419191330385,0.271782914064005,-3.62207902112108,0.000292244813242026,0.0322583609321756,"LTN1"
"15537","ENSG00000204923.4",128.84465100296,1.49853631949149,0.381728309727425,3.92566199913633,8.64915365185771e-05,0.0156122311153474,"FBXO48"
"15542","ENSG00000204941.14",23.8962404291531,-2.83095940996851,0.735700901540375,-3.84797599682315,0.000119097719010185,0.0188383123997244,"PSG5"
"15619","ENSG00000205426.11",42.104348049852,-1.52096886479809,0.427982312249727,-3.55381243865659,0.000379689895672751,0.0371056182758408,"KRT81"
"15624","ENSG00000205464.13",138.816975568104,1.68306724651257,0.480174665988862,3.50511462958274,0.000456410725470622,0.0411924103582103,NA
"16032","ENSG00000213030.6",19.1161783100693,-2.95677458730137,0.843159938193799,-3.50677784055457,0.000453567651699725,0.0411780383433662,"CGB8"
"16061","ENSG00000213085.10",44.8765593866988,-1.67378637388606,0.438919851618153,-3.81342144292486,0.000137056103384113,0.0202197287906004,"CFAP45"
"16360","ENSG00000213888.3",46.1674885105827,1.47167257525164,0.425588236837741,3.45797286641814,0.000544256195884772,0.0456312722046998,NA
"16422","ENSG00000214049.8",2955.44818439327,-3.39814964752406,0.378973995860252,-8.96670928518575,3.05505116009757e-19,4.6873649949377e-15,"UCA1"
"16916","ENSG00000218510.9",25.2875714187718,2.73310999691405,0.602799070760422,4.53403153635634,5.78683832276401e-06,0.00269052910261116,"LINC00339"
"17132","ENSG00000221955.11",38.784901221166,-1.82223265962127,0.427653079893365,-4.26100674891818,2.0350808686904e-05,0.00606724558685803,"SLC12A8"
"17541","ENSG00000224536.2",31.1464516008659,2.08992063673342,0.527812302291611,3.95959061139648,7.50783547175427e-05,0.0145767688778555,"CSRP1-AS1"
"17762","ENSG00000225265.2",20.9623432660148,2.00954967596535,0.548374509496671,3.66455705209533,0.000247767007845243,0.0294183237961675,"TAF1A-AS1"
"17920","ENSG00000225806.8",28.0489369375309,1.7954744768775,0.460580272631825,3.89828784159142,9.68752232240427e-05,0.017084558045132,NA
"18025","ENSG00000226200.7",44.5528578084633,1.67700950447609,0.484144086571405,3.46386447958557,0.000532474694576228,0.0453875513271282,NA
"18188","ENSG00000226752.10",510.56974970546,1.7056658074063,0.424383454121882,4.01916189436649,5.84055297528628e-05,0.0117910005657654,"CUTALP"
"18287","ENSG00000227036.10",1419.21648119965,1.49669236184676,0.425638295287786,3.51634798470096,0.00043752712578084,0.0399673994716148,"LINC00673"
"18288","ENSG00000227036.10",1419.21648119965,1.49669236184676,0.425638295287786,3.51634798470096,0.00043752712578084,0.0399673994716148,"LINC00511"
"18386","ENSG00000227354.7",99.9160617711075,2.28716637821437,0.442788779870022,5.16536660862489,2.3996811268101e-07,0.000284602017832031,"RBM26-AS1"
"18441","ENSG00000227540.1",54.2945054504988,1.55379524884748,0.374327629775687,4.15089650149143,3.31175509046571e-05,0.00816533593624933,"DNAJC9-AS1"
"18705","ENSG00000228437.5",14.7092050384766,-4.50119178112121,0.934858322278979,-4.81483843471414,1.47319032630458e-06,0.00094928768913014,NA
"18729","ENSG00000228509.7",30.6381019223741,-2.54293219615324,0.705952245530894,-3.60213061471444,0.000315619702111951,0.0336288408993311,NA
"18815","ENSG00000228801.8",143.18036233232,1.74540476999538,0.340973421725766,5.11888803872564,3.07342339179066e-07,0.000284602017832031,"PCMTD1-DT"
"18895","ENSG00000229043.3",348.625980694328,1.06169373212722,0.283299126494258,3.74760679732888,0.000178529830330075,0.0242405591748171,"ZFAND2A-DT"
"19292","ENSG00000230487.9",57.6219593186235,1.51542562780291,0.425457194165961,3.56187566829996,0.000368214760563799,0.0362148658418613,"PSMG3-AS1"
"19943","ENSG00000232677.11",23.9678858581054,-2.11035116560979,0.508753911256729,-4.14807850891364,3.35277432043087e-05,0.00816533593624933,"LINC00665"
"20103","ENSG00000233184.9",149.260320425327,1.89989476433485,0.369611911515574,5.14024225178359,2.74384476725461e-07,0.000284602017832031,"DPH5-DT"
"20128","ENSG00000233276.9",608.761784299538,-1.12017082565436,0.260321466642374,-4.30302902062714,1.68478772089866e-05,0.00527544857178533,"GPX1"
"20248","ENSG00000233654.2",79.4103117520199,1.86724324464701,0.474155704607593,3.93803813072822,8.21505419550966e-05,0.0151859730749042,"NEMP2-DT"
"20796","ENSG00000235513.2",68.9457452863526,2.73533134811997,0.718745331600055,3.80570311605453,0.000141401915722154,0.0202235728959316,NA
"21214","ENSG00000236859.8",118.520336098952,1.28760623964203,0.356779516342859,3.60896907098405,0.000307416254648065,0.0332831565306316,"NIFK-AS1"
"21976","ENSG00000240875.6",313.942356262975,2.04674447063588,0.31977084394283,6.4006600645611,1.54706668240361e-10,5.93416102702966e-07,"LINC00886"
"22358","ENSG00000243137.8",238.968882591392,-1.42215902390771,0.386077425168356,-3.68361093189417,0.000229953141854402,0.0284529923828395,"PSG4"
"22416","ENSG00000243479.3",62.0408320501983,1.89741718592536,0.468962513709375,4.04598902994884,5.21026729488451e-05,0.0108028555547855,"MNX1-AS1"
"22707","ENSG00000245556.5",201.323685798997,1.21576198009077,0.334642902558282,3.63301289463036,0.000280131013393774,0.0313726287481801,"SCAMP1-AS1"
"22796","ENSG00000247081.8",116.095904345758,1.4570221013714,0.301586911619955,4.8311847936142,1.35722958497498e-06,0.00094928768913014,"LOC105369147"
"22853","ENSG00000248092.8",413.717274776601,1.11482125609766,0.237655777307217,4.69090744912349,2.71995994015152e-06,0.00149490036529848,NA
"24018","ENSG00000253671.3",18.756367020647,2.8695595650817,0.669080431128271,4.28881107797871,1.7963208118361e-05,0.00551219004320026,"MTUS1-DT"
"24274","ENSG00000254635.6",241.3326282732,1.27380102173026,0.361951276933345,3.51926102464018,0.000432750707890415,0.0399673994716148,NA
"25186","ENSG00000258701.1",34.2195203531396,2.54710519881423,0.624155698392592,4.08088110927109,4.48653007928601e-05,0.00995069578788502,"LINC00638"
"25189","ENSG00000258708.1",32.4826830556027,2.08350927644129,0.570984330330027,3.64897802928677,0.000263285617556622,0.0301462032102332,"SLC25A21-AS1"
"25202","ENSG00000258738.1",45.7850822993607,1.64257892589945,0.422508348011774,3.8876839561373,0.00010120528204351,0.0172532515821508,"BAZ1A-AS1"
"25604","ENSG00000259877.3",39.4805307666797,1.54796221733674,0.441844143975642,3.50341231957591,0.000459337848955193,0.041214155652161,NA
"25625","ENSG00000259943.2",141.56326201287,1.41622656466997,0.293532134691765,4.82477520274613,1.40161262451813e-06,0.00094928768913014,NA
"26017","ENSG00000261159.1",11.9878177108162,2.92751774406763,0.775545253832351,3.77478648679922,0.000160144769332753,0.0221883188052478,NA
"26025","ENSG00000261188.3",99.2766500843984,1.40553725137352,0.369188195452629,3.80710236320074,0.000140604557742498,0.0202235728959316,"TFIP11-DT"
"26213","ENSG00000261801.8",236.803050555447,1.26822854917543,0.311796599959499,4.06748678253761,4.75229031763744e-05,0.0102696324427481,"LOXL1-AS1"
"26694","ENSG00000265688.2",33.7388054628857,1.67421352074408,0.456930920746546,3.66404076574355,0.000248267245039412,0.0294183237961675,"MILIP"
"27033","ENSG00000267317.2",222.17415218478,1.06575135898434,0.305969837488053,3.48319091755558,0.00049547488401793,0.0437028834240962,NA
"27924","ENSG00000271918.2",32.9859011877281,1.48056330341203,0.425279976626881,3.4813849341207,0.00049882805386635,0.0437028834240962,NA
"28287","ENSG00000273033.2",200.050040608104,1.89935808220132,0.456888525172876,4.15715864495097,3.22230233035618e-05,0.00816533593624933,"LINC02035"
"28371","ENSG00000273270.1",29.53975734841,2.10020205330355,0.563243709192737,3.72876255699978,0.00019242235433295,0.0256724885437431,NA
"28488","ENSG00000273702.1",37.4118236800514,1.54205728117078,0.438547057930524,3.51628691444804,0.000437627785389512,0.0399673994716148,NA
"28503","ENSG00000273763.4",277.57797417664,-0.822984000970636,0.225260118290368,-3.65348294769952,0.000258706977174667,0.0300538730681749,NA
"29905","ENSG00000281912.1",17.4373351942609,2.38743717200359,0.589802840751233,4.047856346305,5.16888525278154e-05,0.0108028555547855,"LINC01144"
"30023","ENSG00000283491.1",18.1717436891659,2.69806929555509,0.693562174629755,3.89016211415423,0.000100177275119057,0.0172532515821508,NA
"30123","ENSG00000284602.1",19.0746468872757,1.99224903041861,0.555944537358531,3.58353917799862,0.000338969894109519,0.0350714030600402,NA
"30809","ENSG00000286966.1",302.286736246644,-1.65312592992267,0.340625882013489,-4.85320117235603,1.21484343576545e-06,0.000931967141747467,NA
"31890","ENSG00000289850.1",370.741383973918,-1.9835159114327,0.434372688213132,-4.56639186867904,4.96190804849048e-06,0.00245582436090289,NA
"31974","ENSG00000290033.1",18.5303269366667,2.20047163950794,0.567249381416303,3.87919619059579,0.000104802204370856,0.0174780458876309,NA
"32155","ENSG00000290862.1",87.0307906008287,1.17914491980236,0.328801648104723,3.58618920129865,0.000335545549161293,0.0350714030600402,NA
"32207","ENSG00000290994.1",41.1844998519039,1.4323808728607,0.4140438818171,3.45949049307154,0.000541198381936984,0.045624213044281,NA
"32240","ENSG00000291071.1",28.7986626092007,2.05134310721197,0.556714952734095,3.68472787938886,0.000228947111757616,0.0284529923828395,NA
"32270","ENSG00000291110.1",302.328874997501,0.810414071878291,0.218202392462517,3.71404759926042,0.000203970403018905,0.02652133808067,NA
